zona,parasitosis
Costa,1
Costa,1
Costa,1
Costa,2
Costa,2
Costa,1
Costa,1
Costa,1
Costa,2
Costa,2
Costa,2
Costa,2
Costa,2
Costa,2
Costa,1
Costa,2
Costa,2
Costa,1
Costa,1
Costa,2
Costa,2
Costa,1
Costa,1
Costa,2
Costa,1
Costa,1
Costa,2
Costa,1
Costa,1
Costa,1
Costa,2
Costa,1
Costa,1
Costa,1
Costa,2
Costa,1
Costa,2
Costa,1
Costa,1
Costa,1
Sierra,2
Sierra,2
Sierra,2
Sierra,1
Sierra,2
Sierra,2
Sierra,1
Sierra,2
Sierra,2
Sierra,1
Sierra,2
Sierra,2
Sierra,2
Sierra,2
Sierra,2
Sierra,2
Sierra,2
Sierra,1
Sierra,2
Sierra,1
Sierra,2
Sierra,2
Sierra,2
Sierra,2
Sierra,2
Sierra,2
Sierra,2
Sierra,1
Sierra,1
Sierra,1
Sierra,2
Sierra,1
Sierra,2
Sierra,1
Sierra,2
Sierra,2
Sierra,2
Sierra,1
Sierra,2
Sierra,2
Amazonia,1
Amazonia,1
Amazonia,1
Amazonia,1
Amazonia,1
Amazonia,1
Amazonia,2
Amazonia,2
Amazonia,2
Amazonia,1
Amazonia,1
Amazonia,2
Amazonia,1
Amazonia,1
Amazonia,1
Amazonia,1
Amazonia,1
Amazonia,1
Amazonia,2
Amazonia,1
Amazonia,1
Amazonia,1
Amazonia,2
Amazonia,1
Amazonia,1
Amazonia,1
Amazonia,2
Amazonia,2
Amazonia,1
Amazonia,1
Amazonia,1
Amazonia,1
Amazonia,1
Amazonia,1
Amazonia,2
Amazonia,1
Amazonia,2
Amazonia,1
Amazonia,1
Amazonia,2
